{"stats":{"minecraft:used":{"securitycraft:universal_block_remover":1,"securitycraft:mine":1,"securitycraft:sentry":2,"securitycraft:scanner_door_item":1},"minecraft:custom":{"minecraft:jump":10,"minecraft:time_since_rest":6892,"minecraft:crouch_one_cm":220,"minecraft:leave_game":5,"minecraft:play_time":6892,"minecraft:sprint_one_cm":864,"minecraft:time_since_death":6892,"minecraft:walk_one_cm":4447,"minecraft:sneak_time":1337,"minecraft:total_world_time":6892,"minecraft:fly_one_cm":108},"minecraft:picked_up":{"securitycraft:scanner_door_item":1},"minecraft:mined":{"minecraft:grass":1}},"DataVersion":3465}