{"stats":{"minecraft:mined":{"minecraft:grass":1},"minecraft:custom":{"minecraft:jump":10,"minecraft:time_since_rest":6246,"minecraft:crouch_one_cm":220,"minecraft:leave_game":4,"minecraft:play_time":6246,"minecraft:sprint_one_cm":864,"minecraft:time_since_death":6246,"minecraft:walk_one_cm":4447,"minecraft:sneak_time":1023,"minecraft:total_world_time":6246,"minecraft:fly_one_cm":108},"minecraft:picked_up":{"securitycraft:scanner_door_item":1},"minecraft:used":{"securitycraft:universal_block_remover":1,"securitycraft:mine":1,"securitycraft:sentry":2,"securitycraft:scanner_door_item":1}},"DataVersion":3465}